110101,东城区,东城
110102,西城区,西城
110105,朝阳区,朝阳
110106,丰台区,丰台
110107,石景山区,石景山
110108,海淀区,海淀
110109,门头沟区,门头沟
110111,房山区,房山
110112,通州区,通州
110113,顺义区,顺义
110114,昌平区,昌平
110115,大兴区,大兴
110116,怀柔区,怀柔
110117,平谷区,平谷
110118,密云区,密云
110119,延庆区,延庆
120101,和平区,和平
120102,河东区,河东
120103,河西区,河西
120104,南开区,南开
120105,河北区,河北
120106,红桥区,红桥
120110,东丽区,东丽
120111,西青区,西青
120112,津南区,津南
120113,北辰区,北辰
120114,武清区,武清
120115,宝坻区,宝坻
120116,滨海新区,滨海新
120117,宁河区,宁河
120118,静海区,静海
120119,蓟州区,蓟州
130102,长安区,长安
130104,桥西区,桥西
130105,新华区,新华
130107,井陉矿区,井陉矿
130108,裕华区,裕华
130109,藁城区,藁城
130110,鹿泉区,鹿泉
130111,栾城区,栾城
130121,井陉县,井陉
130123,正定县,正定
130125,行唐县,行唐
130126,灵寿县,灵寿
130127,高邑县,高邑
130128,深泽县,深泽
130129,赞皇县,赞皇
130130,无极县,无极
130131,平山县,平山
130132,元氏县,元氏
130133,赵县,赵县
130171,石家庄高新技术产业开发区,石家庄高新技术
130172,石家庄循环化工园区,null
130181,辛集市,辛集
130183,晋州市,晋州
130184,新乐市,新乐
130202,路南区,路南
130203,路北区,路北
130204,古冶区,古冶
130205,开平区,开平
130207,丰南区,丰南
130208,丰润区,丰润
130209,曹妃甸区,曹妃甸
130224,滦南县,滦南
130225,乐亭县,乐亭
130227,迁西县,迁西
130229,玉田县,玉田
130271,河北唐山芦台经济开发区,null
130272,唐山市汉沽管理区,null
130273,唐山高新技术产业开发区,null
130274,河北唐山海港经济开发区,null
130281,遵化市,遵化
130283,迁安市,迁安
130284,滦州市,滦州
130302,海港区,海港
130303,山海关区,山海关
130304,北戴河区,北戴河
130306,抚宁区,抚宁
130321,青龙满族自治县,青龙满族
130322,昌黎县,昌黎
130324,卢龙县,卢龙
130371,秦皇岛市经济技术开发区,null
130372,北戴河新区,null
130402,邯山区,邯山
130403,丛台区,丛台
130404,复兴区,复兴
130406,峰峰矿区,null
130407,肥乡区,肥乡
130408,永年区,永年
130423,临漳县,临漳
130424,成安县,成安
130425,大名县,大名
130426,涉县,涉县
130427,磁县,磁县
130430,邱县,邱县
130431,鸡泽县,鸡泽
130432,广平县,广平
130433,馆陶县,馆陶
130434,魏县,魏县
130435,曲周县,曲周
130471,邯郸经济技术开发区,null
130473,邯郸冀南新区,邯郸冀南新区
130481,武安市,武安
130502,桥东区,桥东
130503,桥西区,桥西
130521,邢台县,邢台
130522,临城县,临城
130523,内丘县,内丘
130524,柏乡县,柏乡
130525,隆尧县,隆尧
130526,任县,任县
130527,南和县,南和
130528,宁晋县,宁晋
130529,巨鹿县,巨鹿
130530,新河县,新河
130531,广宗县,广宗
130532,平乡县,平乡
130533,威县,null
130534,清河县,清河
130535,临西县,临西
130571,河北邢台经济开发区,null
130581,南宫市,南宫
130582,沙河市,沙河
130602,竞秀区,竞秀
130606,莲池区,莲池
130607,满城区,满城
130608,清苑区,清苑
130609,徐水区,徐水
130623,涞水县,涞水
130624,阜平县,阜平
130626,定兴县,定兴
130627,唐县,唐县
130628,高阳县,高阳
130629,容城县,容城
130630,涞源县,涞源
130631,望都县,望都
130632,安新县,安新
130633,易县,易县
130634,曲阳县,曲阳
130635,蠡县,蠡县
130636,顺平县,顺平
130637,博野县,博野
130638,雄县,雄县
130671,保定高新技术产业开发区,null
130672,保定白沟新城,保定白沟新城
130681,涿州市,涿州
130682,定州市,定州
130683,安国市,安国
130684,高碑店市,高碑店
130702,桥东区,桥东
130703,桥西区,桥西
130705,宣化区,宣化
130706,下花园区,下花园
130708,万全区,万全
130709,崇礼区,崇礼
130722,张北县,张北
130723,康保县,康保
130724,沽源县,沽源
130725,尚义县,尚义
130726,蔚县,蔚县
130727,阳原县,阳原
130728,怀安县,怀安
130730,怀来县,怀来
130731,涿鹿县,涿鹿
130732,赤城县,赤城
130771,张家口经济开发区,null
130772,张家口市察北管理区,null
130773,张家口市塞北管理区,null
130802,双桥区,双桥
130803,双滦区,双滦
130804,鹰手营子矿区,鹰手营子矿区
130821,承德县,承德
130822,兴隆县,兴隆
130824,滦平县,滦平
130825,隆化县,隆化
130826,丰宁满族自治县,丰宁
130827,宽城满族自治县,宽城
130828,围场满族蒙古族自治县,围场
130871,承德高新技术产业开发区,null
130881,平泉市,平泉
130902,新华区,新华
130903,运河区,运河
130921,沧县,沧县
130922,青县,青县
130923,东光县,东光
130924,海兴县,海兴
130925,盐山县,盐山
130926,肃宁县,肃宁
130927,南皮县,南皮
130928,吴桥县,吴桥
130929,献县,献县
130930,孟村回族自治县,孟村
130971,河北沧州经济开发区,null
130972,沧州高新技术产业开发区,null
130973,沧州渤海新区,沧州渤海新区
130981,泊头市,泊头
130982,任丘市,任丘
130983,黄骅市,黄骅
130984,河间市,河间
131002,安次区,安次
131003,广阳区,广阳
131022,固安县,固安
131023,永清县,永清
131024,香河县,香河
131025,大城县,大城
131026,文安县,文安
131028,大厂回族自治县,大厂
131071,廊坊经济技术开发区,null
131081,霸州市,霸州
131082,三河市,三河
131102,桃城区,桃城
131103,冀州区,冀州
131121,枣强县,枣强
131122,武邑县,武邑
131123,武强县,武强
131124,饶阳县,饶阳
131125,安平县,安平
131126,故城县,故城
131127,景县,景县
131128,阜城县,阜城
131171,河北衡水高新技术产业开发区,null
131172,衡水滨湖新区,衡水滨湖新区
131182,深州市,深州
140105,小店区,小店
140106,迎泽区,迎泽
140107,杏花岭区,杏花岭
140108,尖草坪区,尖草坪
140109,万柏林区,万柏林
140110,晋源区,晋源
140121,清徐县,清徐
140122,阳曲县,阳曲
140123,娄烦县,娄烦
140171,山西转型综合改革示范区,null
140181,古交市,古交
140212,新荣区,新荣
140213,平城区,平城
140214,云冈区,云冈
140215,云州区,云州
140221,阳高县,阳高
140222,天镇县,天镇
140223,广灵县,广灵
140224,灵丘县,灵丘
140225,浑源县,浑源
140226,左云县,左云
140271,山西大同经济开发区,null
140302,城区,城区
140303,矿区,矿区
140311,郊区,郊区
140321,平定县,平定
140322,盂县,盂县
140403,潞州区,潞州
140404,上党区,上党
140405,屯留区,屯留
140406,潞城区,潞城
140423,襄垣县,襄垣
140425,平顺县,平顺
140426,黎城县,黎城
140427,壶关县,壶关
140428,长子县,长子
140429,武乡县,武乡
140430,沁县,沁县
140431,沁源县,沁源
140471,山西长治高新技术产业园区,null
140502,城区,城区
140521,沁水县,沁水
140522,阳城县,阳城
140524,陵川县,陵川
140525,泽州县,泽州
140581,高平市,高平
140602,朔城区,朔城
140603,平鲁区,平鲁
140621,山阴县,山阴
140622,应县,应县
140623,右玉县,右玉
140671,山西朔州经济开发区,null
140681,怀仁市,怀仁
140702,榆次区,榆次
140721,榆社县,榆社
140722,左权县,左权
140723,和顺县,和顺
140724,昔阳县,昔阳
140725,寿阳县,寿阳
140726,太谷县,太谷
140727,祁县,祁县
140728,平遥县,平遥
140729,灵石县,灵石
140781,介休市,介休
140802,盐湖区,盐湖
140821,临猗县,临猗
140822,万荣县,万荣
140823,闻喜县,闻喜
140824,稷山县,稷山
140825,新绛县,新绛
140826,绛县,绛县
140827,垣曲县,垣曲
140828,夏县,夏县
140829,平陆县,平陆
140830,芮城县,芮城
140881,永济市,永济
140882,河津市,河津
140902,忻府区,忻府
140921,定襄县,定襄
140922,五台县,五台
140923,代县,代县
140924,繁峙县,繁峙
140925,宁武县,宁武
140926,静乐县,静乐
140927,神池县,神池
140928,五寨县,五寨
140929,岢岚县,岢岚
140930,河曲县,河曲
140931,保德县,保德
140932,偏关县,偏关
140971,五台山风景名胜区,null
140981,原平市,原平
141002,尧都区,尧都
141021,曲沃县,曲沃
141022,翼城县,翼城
141023,襄汾县,襄汾
141024,洪洞县,洪洞
141025,古县,古县
141026,安泽县,安泽
141027,浮山县,浮山
141028,吉县,吉县
141029,乡宁县,乡宁
141030,大宁县,大宁
141031,隰县,隰县
141032,永和县,永和
141033,蒲县,蒲县
141034,汾西县,汾西
141081,侯马市,侯马
141082,霍州市,霍州
141102,离石区,离石
141121,文水县,文水
141122,交城县,交城
141123,兴县,兴县
141124,临县,临县
141125,柳林县,柳林
141126,石楼县,石楼
141127,岚县,null
141128,方山县,方山
141129,中阳县,中阳
141130,交口县,交口
141181,孝义市,孝义
141182,汾阳市,汾阳
150102,新城区,新城
150103,回民区,回民
150104,玉泉区,玉泉
150105,赛罕区,赛罕
150121,土默特左旗,null
150122,托克托县,托克托
150123,和林格尔县,和林格尔
150124,清水河县,清水河
150125,武川县,武川
150171,呼和浩特金海工业园区,null
150172,呼和浩特经济技术开发区,null
150202,东河区,东河
150203,昆都仑区,昆都仑
150204,青山区,青山
150205,石拐区,石拐
150206,白云鄂博矿区,null
150207,九原区,九原
150221,土默特右旗,土默特右旗
150222,固阳县,固阳
150223,达尔罕茂明安联合旗,达尔罕茂明安联合旗
150271,包头稀土高新技术产业开发区,null
150302,海勃湾区,海勃湾
150303,海南区,海南
150304,乌达区,乌达
150402,红山区,红山
150403,元宝山区,元宝山
150404,松山区,松山
150421,阿鲁科尔沁旗,阿鲁科尔沁旗
150422,巴林左旗,巴林左旗
150423,巴林右旗,巴林右旗
150424,林西县,林西
150425,克什克腾旗,克什克腾旗
150426,翁牛特旗,翁牛特旗
150428,喀喇沁旗,喀喇沁旗
150429,宁城县,宁城
150430,敖汉旗,敖汉旗
150502,科尔沁区,科尔沁
150521,科尔沁左翼中旗,科尔沁左翼中旗
150522,科尔沁左翼后旗,科尔沁左翼后旗
150523,开鲁县,开鲁
150524,库伦旗,库伦旗
150525,奈曼旗,奈曼旗
150526,扎鲁特旗,扎鲁特旗
150571,通辽经济技术开发区,null
150581,霍林郭勒市,霍林郭勒
150602,东胜区,东胜
150603,康巴什区,康巴什
150621,达拉特旗,达拉特旗
150622,准格尔旗,准格尔旗
150623,鄂托克前旗,鄂托克前旗
150624,鄂托克旗,鄂托克旗
150625,杭锦旗,杭锦旗
150626,乌审旗,乌审旗
150627,伊金霍洛旗,伊金霍洛旗
150702,海拉尔区,海拉尔
150703,扎赉诺尔区,扎赉诺尔
150721,阿荣旗,阿荣旗
150722,莫力达瓦达斡尔族自治旗,莫力达瓦达斡尔族自治旗
150723,鄂伦春自治旗,鄂伦春自治旗
150724,鄂温克族自治旗,鄂温克族自治旗
150725,陈巴尔虎旗,陈巴尔虎旗
150726,新巴尔虎左旗,新巴尔虎左旗
150727,新巴尔虎右旗,新巴尔虎右旗
150781,满洲里市,满洲里
150782,牙克石市,牙克石
150783,扎兰屯市,扎兰屯
150784,额尔古纳市,额尔古纳
150785,根河市,根河
150802,临河区,临河
150821,五原县,五原
150822,磴口县,磴口
150823,乌拉特前旗,乌拉特前旗
150824,乌拉特中旗,乌拉特中旗
150825,乌拉特后旗,乌拉特后旗
150826,杭锦后旗,杭锦后旗
150902,集宁区,集宁
150921,卓资县,卓资
150922,化德县,化德
150923,商都县,商都
150924,兴和县,兴和
150925,凉城县,凉城
150926,察哈尔右翼前旗,察哈尔右翼前旗
150927,察哈尔右翼中旗,察哈尔右翼中旗
150928,察哈尔右翼后旗,察哈尔右翼后旗
150929,四子王旗,四子王旗
150981,丰镇市,丰镇
152201,乌兰浩特市,乌兰浩特
152202,阿尔山市,阿尔山
152221,科尔沁右翼前旗,科尔沁右翼前旗
152222,科尔沁右翼中旗,科尔沁右翼中旗
152223,扎赉特旗,扎赉特
152224,突泉县,突泉
152501,二连浩特市,二连浩特
152502,锡林浩特市,锡林浩特
152522,阿巴嘎旗,阿巴嘎
152523,苏尼特左旗,苏尼特左旗
152524,苏尼特右旗,苏尼特右旗
152525,东乌珠穆沁旗,东乌珠
152526,西乌珠穆沁旗,西乌珠
152527,太仆寺旗,太仆寺
152528,镶黄旗,镶黄旗
152529,正镶白旗,正镶白旗
152530,正蓝旗,正蓝旗
152531,多伦县,多伦
152571,乌拉盖管委会,乌拉盖
152921,阿拉善左旗,阿拉善左旗
152922,阿拉善右旗,阿拉善右旗
152923,额济纳旗,额济纳
152971,内蒙古阿拉善经济开发区,null
210102,和平区,和平
210103,沈河区,沈河
210104,大东区,大东
210105,皇姑区,皇姑
210106,铁西区,铁西
210111,苏家屯区,苏家屯
210112,浑南区,浑南
210113,沈北新区,沈北新
210114,于洪区,于洪
210115,辽中区,辽中
210123,康平县,康平
210124,法库县,法库
210181,新民市,新民
210202,中山区,中山
210203,西岗区,西岗
210204,沙河口区,沙河口
210211,甘井子区,甘井子
210212,旅顺口区,旅顺口
210213,金州区,金州
210214,普兰店区,普兰店
210224,长海县,长海
210281,瓦房店市,瓦房店
210283,庄河市,庄河
210302,铁东区,铁东
210303,铁西区,铁西
210304,立山区,立山
210311,千山区,千山
210321,台安县,台安
210323,岫岩满族自治县,岫岩
210381,海城市,海城
210402,新抚区,新抚
210403,东洲区,东洲
210404,望花区,望花
210411,顺城区,顺城
210421,抚顺县,抚顺
210422,新宾满族自治县,新宾
210423,清原满族自治县,清原
210502,平山区,平山
210503,溪湖区,溪湖
210504,明山区,明山
210505,南芬区,南芬
210521,本溪满族自治县,本溪
210522,桓仁满族自治县,桓仁
210602,元宝区,元宝
210603,振兴区,振兴
210604,振安区,振安
210624,宽甸满族自治县,宽甸
210681,东港市,东港
210682,凤城市,凤城
210702,古塔区,古塔
210703,凌河区,凌河
210711,太和区,太和
210726,黑山县,黑山
210727,义县,义县
210781,凌海市,凌海
210782,北镇市,北镇
210802,站前区,站前
210803,西市区,西市区
210804,鲅鱼圈区,鲅鱼圈
210811,老边区,老边
210881,盖州市,盖州
210882,大石桥市,大石桥
210902,海州区,海州
210903,新邱区,新邱
210904,太平区,太平
210905,清河门区,清河门
210911,细河区,细河
210921,阜新蒙古族自治县,阜新
210922,彰武县,彰武
211002,白塔区,白塔
211003,文圣区,文圣
211004,宏伟区,宏伟
211005,弓长岭区,弓长岭
211011,太子河区,太子河
211021,辽阳县,辽阳
211081,灯塔市,灯塔
211102,双台子区,双台子
211103,兴隆台区,兴隆台
211104,大洼区,大洼
211122,盘山县,盘山
211202,银州区,银州
211204,清河区,清河
211221,铁岭县,铁岭
211223,西丰县,西丰
211224,昌图县,昌图
211281,调兵山市,调兵山
211282,开原市,开原
211302,双塔区,双塔
211303,龙城区,龙城
211321,朝阳县,朝阳
211322,建平县,建平
211324,喀喇沁左翼蒙古族自治县,喀喇沁
211381,北票市,北票
211382,凌源市,凌源
211402,连山区,连山
211403,龙港区,龙港
211404,南票区,南票
211421,绥中县,绥中
211422,建昌县,建昌
211481,兴城市,兴城
220102,南关区,南关
220103,宽城区,宽城
220104,朝阳区,朝阳
220105,二道区,二道
220106,绿园区,绿园
220112,双阳区,双阳
220113,九台区,九台
220122,农安县,农安
220171,长春经济技术开发区,null
220172,长春净月高新技术产业开发区,null
220173,长春高新技术产业开发区,null
220174,长春汽车经济技术开发区,null
220182,榆树市,榆树
220183,德惠市,德惠
220202,昌邑区,昌邑
220203,龙潭区,龙潭
220204,船营区,船营
220211,丰满区,丰满
220221,永吉县,永吉
220271,吉林经济开发区,null
220272,吉林高新技术产业开发区,null
220273,吉林中国新加坡食品区,null
220281,蛟河市,蛟河
220282,桦甸市,桦甸
220283,舒兰市,舒兰
220284,磐石市,磐石
220302,铁西区,铁西
220303,铁东区,铁东
220322,梨树县,梨树
220323,伊通满族自治县,伊通
220381,公主岭市,公主岭
220382,双辽市,双辽
220402,龙山区,龙山
220403,西安区,西安
220421,东丰县,东丰
220422,东辽县,东辽
220502,东昌区,东昌
220503,二道江区,二道江
220521,通化县,通化
220523,辉南县,辉南
220524,柳河县,柳河
220581,梅河口市,梅河口
220582,集安市,集安
220602,浑江区,浑江
220605,江源区,江源
220621,抚松县,抚松
220622,靖宇县,靖宇
220623,长白朝鲜族自治县,长白
220681,临江市,临江
220702,宁江区,宁江
220721,前郭尔罗斯蒙古族自治县,前郭尔罗斯蒙古族
220722,长岭县,长岭
220723,乾安县,乾安
220771,吉林松原经济开发区,null
220781,扶余市,扶余
220802,洮北区,洮北
220821,镇赉县,镇赉
220822,通榆县,通榆
220871,吉林白城经济开发区,null
220881,洮南市,洮南
220882,大安市,大安
222401,延吉市,延吉
222402,图们市,图们
222403,敦化市,敦化
222404,珲春市,珲春
222405,龙井市,龙井
222406,和龙市,和龙
222424,汪清县,汪清
222426,安图县,安图
230102,道里区,道里
230103,南岗区,南岗
230104,道外区,道外
230108,平房区,平房
230109,松北区,松北
230110,香坊区,香坊
230111,呼兰区,呼兰
230112,阿城区,阿城
230113,双城区,双城
230123,依兰县,依兰
230124,方正县,方正
230125,宾县,宾县
230126,巴彦县,巴彦
230127,木兰县,木兰
230128,通河县,通河
230129,延寿县,延寿
230183,尚志市,尚志
230184,五常市,五常
230202,龙沙区,龙沙
230203,建华区,建华
230204,铁锋区,铁锋
230205,昂昂溪区,昂昂溪
230206,富拉尔基区,富拉尔基
230207,碾子山区,碾子山
230208,梅里斯达斡尔族区,null
230221,龙江县,龙江
230223,依安县,依安
230224,泰来县,泰来
230225,甘南县,甘南
230227,富裕县,富裕
230229,克山县,克山
230230,克东县,克东
230231,拜泉县,拜泉
230281,讷河市,讷河
230302,鸡冠区,鸡冠
230303,恒山区,恒山
230304,滴道区,滴道
230305,梨树区,梨树
230306,城子河区,城子河
230307,麻山区,麻山
230321,鸡东县,鸡东
230381,虎林市,虎林
230382,密山市,密山
230402,向阳区,向阳
230403,工农区,工农
230404,南山区,南山
230405,兴安区,兴安
230406,东山区,东山
230407,兴山区,兴山
230421,萝北县,萝北
230422,绥滨县,绥滨
230502,尖山区,尖山
230503,岭东区,岭东
230505,四方台区,四方台
230506,宝山区,宝山
230521,集贤县,集贤
230522,友谊县,友谊
230523,宝清县,宝清
230524,饶河县,饶河
230602,萨尔图区,萨尔图
230603,龙凤区,龙凤
230604,让胡路区,让胡路
230605,红岗区,红岗
230606,大同区,大同
230621,肇州县,肇州
230622,肇源县,肇源
230623,林甸县,林甸
230624,杜尔伯特蒙古族自治县,杜尔伯特
230671,大庆高新技术产业开发区,null
230717,伊美区,伊美
230718,乌翠区,乌翠
230719,友好区,友好
230722,嘉荫县,嘉荫
230723,汤旺县,汤旺
230724,丰林县,丰林
230725,大箐山县,大箐山
230726,南岔县,南岔
230751,金林区,金林
230781,铁力市,铁力
230803,向阳区,向阳
230804,前进区,前进
230805,东风区,东风
230811,郊区,郊区
230822,桦南县,桦南
230826,桦川县,桦川
230828,汤原县,汤原
230881,同江市,同江
230882,富锦市,富锦
230883,抚远市,抚远
230902,新兴区,新兴
230903,桃山区,桃山
230904,茄子河区,茄子河
230921,勃利县,勃利
231002,东安区,东安
231003,阳明区,阳明
231004,爱民区,爱民
231005,西安区,西安
231025,林口县,林口
231071,牡丹江经济技术开发区,null
231081,绥芬河市,绥芬河
231083,海林市,海林
231084,宁安市,宁安
231085,穆棱市,穆棱
231086,东宁市,东宁
231102,爱辉区,爱辉
231123,逊克县,逊克
231124,孙吴县,孙吴
231181,北安市,北安
231182,五大连池市,五大连池
231183,嫩江市,嫩江
231202,北林区,北林
231221,望奎县,望奎
231222,兰西县,兰西
231223,青冈县,青冈
231224,庆安县,庆安
231225,明水县,明水
231226,绥棱县,绥棱
231281,安达市,安达
231282,肇东市,肇东
231283,海伦市,海伦
232701,漠河市,漠河
232721,呼玛县,呼玛
232722,塔河县,塔河
232761,加格达奇区,加格达奇
232762,松岭区,松岭
232763,新林区,新林
232764,呼中区,呼中
310101,黄浦区,黄浦
310104,徐汇区,徐汇
310105,长宁区,长宁
310106,静安区,静安
310107,普陀区,普陀
310109,虹口区,虹口
310110,杨浦区,杨浦
310112,闵行区,闵行
310113,宝山区,宝山
310114,嘉定区,嘉定
310115,浦东新区,浦东新
310116,金山区,金山
310117,松江区,松江
310118,青浦区,青浦
310120,奉贤区,奉贤
310151,崇明区,崇明
320102,玄武区,玄武
320104,秦淮区,秦淮
320105,建邺区,建邺
320106,鼓楼区,鼓楼
320111,浦口区,浦口
320113,栖霞区,栖霞
320114,雨花台区,雨花台
320115,江宁区,江宁
320116,六合区,六合
320117,溧水区,溧水
320118,高淳区,高淳
320205,锡山区,锡山
320206,惠山区,惠山
320211,滨湖区,滨湖
320213,梁溪区,梁溪
320214,新吴区,新吴
320281,江阴市,江阴
320282,宜兴市,宜兴
320302,鼓楼区,鼓楼
320303,云龙区,云龙
320305,贾汪区,贾汪
320311,泉山区,泉山
320312,铜山区,铜山
320321,丰县,丰县
320322,沛县,沛县
320324,睢宁县,睢宁
320371,徐州经济技术开发区,null
320381,新沂市,新沂
320382,邳州市,邳州
320402,天宁区,天宁
320404,钟楼区,钟楼
320411,新北区,新北
320412,武进区,武进
320413,金坛区,金坛
320481,溧阳市,溧阳
320505,虎丘区,虎丘
320506,吴中区,吴中
320507,相城区,相城
320508,姑苏区,姑苏
320509,吴江区,吴江
320571,苏州工业园区,null
320581,常熟市,常熟
320582,张家港市,张家港
320583,昆山市,昆山
320585,太仓市,太仓
320602,崇川区,崇川
320611,港闸区,港闸
320612,通州区,通州
320623,如东县,如东
320671,南通经济技术开发区,null
320681,启东市,启东
320682,如皋市,如皋
320684,海门市,海门
320685,海安市,海安
320703,连云区,连云
320706,海州区,海州
320707,赣榆区,赣榆
320722,东海县,东海
320723,灌云县,灌云
320724,灌南县,灌南
320771,连云港经济技术开发区,null
320772,连云港高新技术产业开发区,null
320803,淮安区,淮安
320804,淮阴区,淮阴
320812,清江浦区,清江浦
320813,洪泽区,洪泽
320826,涟水县,涟水
320830,盱眙县,盱眙
320831,金湖县,金湖
320871,淮安经济技术开发区,null
320902,亭湖区,亭湖
320903,盐都区,盐都
320904,大丰区,大丰
320921,响水县,响水
320922,滨海县,滨海
320923,阜宁县,阜宁
320924,射阳县,射阳
320925,建湖县,建湖
320971,盐城经济技术开发区,null
320981,东台市,东台
321002,广陵区,广陵
321003,邗江区,邗江
321012,江都区,江都
321023,宝应县,宝应
321071,扬州经济技术开发区,null
321081,仪征市,仪征
321084,高邮市,高邮
321102,京口区,京口
321111,润州区,润州
321112,丹徒区,丹徒
321171,镇江新区,镇江新
321181,丹阳市,丹阳
321182,扬中市,扬中
321183,句容市,句容
321202,海陵区,海陵
321203,高港区,高港
321204,姜堰区,姜堰
321271,泰州医药高新技术产业开发区,null
321281,兴化市,兴化
321282,靖江市,靖江
321283,泰兴市,泰兴
321302,宿城区,宿城
321311,宿豫区,宿豫
321322,沭阳县,沭阳
321323,泗阳县,泗阳
321324,泗洪县,泗洪
321371,宿迁经济技术开发区,null
330102,上城区,上城
330103,下城区,下城
330104,江干区,江干
330105,拱墅区,拱墅
330106,西湖区,西湖
330108,滨江区,滨江
330109,萧山区,萧山
330110,余杭区,余杭
330111,富阳区,富阳
330112,临安区,临安
330122,桐庐县,桐庐
330127,淳安县,淳安
330182,建德市,建德
330203,海曙区,海曙
330205,江北区,江北
330206,北仑区,北仑
330211,镇海区,镇海
330212,鄞州区,鄞州
330213,奉化区,奉化
330225,象山县,象山
330226,宁海县,宁海
330281,余姚市,余姚
330282,慈溪市,慈溪
330302,鹿城区,鹿城
330303,龙湾区,龙湾
330304,瓯海区,瓯海
330305,洞头区,洞头
330324,永嘉县,永嘉
330326,平阳县,平阳
330327,苍南县,苍南
330328,文成县,文成
330329,泰顺县,泰顺
330371,温州经济技术开发区,null
330381,瑞安市,瑞安
330382,乐清市,乐清
330383,龙港市,龙港
330402,南湖区,南湖
330411,秀洲区,秀洲
330421,嘉善县,嘉善
330424,海盐县,海盐
330481,海宁市,海宁
330482,平湖市,平湖
330483,桐乡市,桐乡
330502,吴兴区,吴兴
330503,南浔区,南浔
330521,德清县,德清
330522,长兴县,长兴
330523,安吉县,安吉
330602,越城区,越城
330603,柯桥区,柯桥
330604,上虞区,上虞
330624,新昌县,新昌
330681,诸暨市,诸暨
330683,嵊州市,嵊州
330702,婺城区,婺城
330703,金东区,金东
330723,武义县,武义
330726,浦江县,浦江
330727,磐安县,磐安
330781,兰溪市,兰溪
330782,义乌市,义乌
330783,东阳市,东阳
330784,永康市,永康
330802,柯城区,柯城
330803,衢江区,衢江
330822,常山县,常山
330824,开化县,开化
330825,龙游县,龙游
330881,江山市,江山
330902,定海区,定海
330903,普陀区,普陀
330921,岱山县,岱山
330922,嵊泗县,嵊泗
331002,椒江区,椒江
331003,黄岩区,黄岩
331004,路桥区,路桥
331022,三门县,三门
331023,天台县,天台
331024,仙居县,仙居
331081,温岭市,温岭
331082,临海市,临海
331083,玉环市,玉环
331102,莲都区,莲都
331121,青田县,青田
331122,缙云县,缙云
331123,遂昌县,遂昌
331124,松阳县,松阳
331125,云和县,云和
331126,庆元县,庆元
331127,景宁畲族自治县,景宁畲族
331181,龙泉市,龙泉
340102,瑶海区,瑶海
340103,庐阳区,庐阳
340104,蜀山区,蜀山
340111,包河区,包河
340121,长丰县,长丰
340122,肥东县,肥东
340123,肥西县,肥西
340124,庐江县,庐江
340171,合肥高新技术产业开发区,null
340172,合肥经济技术开发区,null
340173,合肥新站高新技术产业开发区,null
340181,巢湖市,巢湖
340202,镜湖区,镜湖
340203,弋江区,弋江
340207,鸠江区,鸠江
340208,三山区,三山
340221,芜湖县,芜湖
340222,繁昌县,繁昌
340223,南陵县,南陵
340225,无为县,无为
340271,芜湖经济技术开发区,null
340272,安徽芜湖长江大桥经济开发区,null
340302,龙子湖区,龙子湖
340303,蚌山区,蚌山
340304,禹会区,禹会
340311,淮上区,淮上
340321,怀远县,怀远
340322,五河县,五河
340323,固镇县,固镇
340371,蚌埠市高新技术开发区,null
340372,蚌埠市经济开发区,null
340402,大通区,大通
340403,田家庵区,田家庵
340404,谢家集区,谢家集
340405,八公山区,八公山
340406,潘集区,潘集
340421,凤台县,凤台
340422,寿县,寿县
340503,花山区,花山
340504,雨山区,雨山
340506,博望区,博望
340521,当涂县,当涂
340522,含山县,含山
340523,和县,和县
340602,杜集区,杜集
340603,相山区,相山
340604,烈山区,烈山
340621,濉溪县,濉溪
340705,铜官区,铜官
340706,义安区,义安
340711,郊区,郊区
340722,枞阳县,枞阳
340802,迎江区,迎江
340803,大观区,大观
340811,宜秀区,宜秀
340822,怀宁县,怀宁
340825,太湖县,太湖
340826,宿松县,宿松
340827,望江县,望江
340828,岳西县,岳西
340871,安徽安庆经济开发区,null
340881,桐城市,桐城
340882,潜山市,潜山
341002,屯溪区,屯溪
341003,黄山区,黄山
341004,徽州区,徽州
341021,歙县,歙县
341022,休宁县,休宁
341023,黟县,黟县
341024,祁门县,祁门
341102,琅琊区,琅琊
341103,南谯区,南谯
341122,来安县,来安
341124,全椒县,全椒
341125,定远县,定远
341126,凤阳县,凤阳
341171,苏滁现代产业园,苏滁
341172,滁州经济技术开发区,null
341181,天长市,天长
341182,明光市,明光
341202,颍州区,颍州
341203,颍东区,颍东
341204,颍泉区,颍泉
341221,临泉县,临泉
341222,太和县,太和
341225,阜南县,阜南
341226,颍上县,颍上
341271,阜阳合肥现代产业园区,null
341272,阜阳经济技术开发区,null
341282,界首市,界首
341302,埇桥区,埇桥
341321,砀山县,砀山
341322,萧县,萧县
341323,灵璧县,灵璧
341324,泗县,泗县
341371,宿州马鞍山现代产业园区,null
341372,宿州经济技术开发区,null
341502,金安区,金安
341503,裕安区,裕安
341504,叶集区,叶集
341522,霍邱县,霍邱
341523,舒城县,舒城
341524,金寨县,金寨
341525,霍山县,霍山
341602,谯城区,谯城
341621,涡阳县,涡阳
341622,蒙城县,蒙城
341623,利辛县,利辛
341702,贵池区,贵池
341721,东至县,东至
341722,石台县,石台
341723,青阳县,青阳
341802,宣州区,宣州
341821,郎溪县,郎溪
341823,泾县,泾县
341824,绩溪县,绩溪
341825,旌德县,旌德
341871,宣城市经济开发区,null
341881,宁国市,宁国
341882,广德市,广德
350102,鼓楼区,鼓楼
350103,台江区,台江
350104,仓山区,仓山
350105,马尾区,马尾
350111,晋安区,晋安
350112,长乐区,长乐
350121,闽侯县,闽侯
350122,连江县,连江
350123,罗源县,罗源
350124,闽清县,闽清
350125,永泰县,永泰
350128,平潭县,平潭
350181,福清市,福清
350203,思明区,思明
350205,海沧区,海沧
350206,湖里区,湖里
350211,集美区,集美
350212,同安区,同安
350213,翔安区,翔安
350302,城厢区,城厢
350303,涵江区,涵江
350304,荔城区,荔城
350305,秀屿区,秀屿
350322,仙游县,仙游
350402,梅列区,梅列
350403,三元区,三元
350421,明溪县,明溪
350423,清流县,清流
350424,宁化县,宁化
350425,大田县,大田
350426,尤溪县,尤溪
350427,沙县,沙县
350428,将乐县,将乐
350429,泰宁县,泰宁
350430,建宁县,建宁
350481,永安市,永安
350502,鲤城区,鲤城
350503,丰泽区,丰泽
350504,洛江区,洛江
350505,泉港区,泉港
350521,惠安县,惠安
350524,安溪县,安溪
350525,永春县,永春
350526,德化县,德化
350527,金门县,金门
350581,石狮市,石狮
350582,晋江市,晋江
350583,南安市,南安
350602,芗城区,芗城
350603,龙文区,龙文
350622,云霄县,云霄
350623,漳浦县,漳浦
350624,诏安县,诏安
350625,长泰县,长泰
350626,东山县,东山
350627,南靖县,南靖
350628,平和县,平和
350629,华安县,华安
350681,龙海市,龙海
350702,延平区,延平
350703,建阳区,建阳
350721,顺昌县,顺昌
350722,浦城县,浦城
350723,光泽县,光泽
350724,松溪县,松溪
350725,政和县,政和
350781,邵武市,邵武
350782,武夷山市,武夷山
350783,建瓯市,建瓯
350802,新罗区,新罗
350803,永定区,永定
350821,长汀县,长汀
350823,上杭县,上杭
350824,武平县,武平
350825,连城县,连城
350881,漳平市,漳平
350902,蕉城区,蕉城
350921,霞浦县,霞浦
350922,古田县,古田
350923,屏南县,屏南
350924,寿宁县,寿宁
350925,周宁县,周宁
350926,柘荣县,柘荣
350981,福安市,福安
350982,福鼎市,福鼎
360102,东湖区,东湖
360103,西湖区,西湖
360104,青云谱区,青云谱
360105,湾里区,湾里
360111,青山湖区,青山湖
360112,新建区,新建
360121,南昌县,南昌
360123,安义县,安义
360124,进贤县,进贤
360202,昌江区,昌江
360203,珠山区,珠山
360222,浮梁县,浮梁
360281,乐平市,乐平
360302,安源区,安源
360313,湘东区,湘东
360321,莲花县,莲花
360322,上栗县,上栗
360323,芦溪县,芦溪
360402,濂溪区,濂溪
360403,浔阳区,浔阳
360404,柴桑区,柴桑
360423,武宁县,武宁
360424,修水县,修水
360425,永修县,永修
360426,德安县,德安
360428,都昌县,都昌
360429,湖口县,湖口
360430,彭泽县,彭泽
360481,瑞昌市,瑞昌
360482,共青城市,共青城
360483,庐山市,庐山
360502,渝水区,渝水
360521,分宜县,分宜
360602,月湖区,月湖
360603,余江区,余江
360681,贵溪市,贵溪
360702,章贡区,章贡
360703,南康区,南康
360704,赣县区,赣县
360722,信丰县,信丰
360723,大余县,大余
360724,上犹县,上犹
360725,崇义县,崇义
360726,安远县,安远
360727,龙南县,龙南
360728,定南县,定南
360729,全南县,全南
360730,宁都县,宁都
360731,于都县,于都
360732,兴国县,兴国
360733,会昌县,会昌
360734,寻乌县,寻乌
360735,石城县,石城
360781,瑞金市,瑞金
360802,吉州区,吉州
360803,青原区,青原
360821,吉安县,吉安
360822,吉水县,吉水
360823,峡江县,峡江
360824,新干县,新干
360825,永丰县,永丰
360826,泰和县,泰和
360827,遂川县,遂川
360828,万安县,万安
360829,安福县,安福
360830,永新县,永新
360881,井冈山市,井冈山
360902,袁州区,袁州
360921,奉新县,奉新
360922,万载县,万载
360923,上高县,上高
360924,宜丰县,宜丰
360925,靖安县,靖安
360926,铜鼓县,铜鼓
360981,丰城市,丰城
360982,樟树市,樟树
360983,高安市,高安
361002,临川区,临川
361003,东乡区,东乡
361021,南城县,南城
361022,黎川县,黎川
361023,南丰县,南丰
361024,崇仁县,崇仁
361025,乐安县,乐安
361026,宜黄县,宜黄
361027,金溪县,金溪
361028,资溪县,资溪
361030,广昌县,广昌
361102,信州区,信州
361103,广丰区,广丰
361104,广信区,广信
361123,玉山县,玉山
361124,铅山县,铅山
361125,横峰县,横峰
361126,弋阳县,弋阳
361127,余干县,余干
361128,鄱阳县,鄱阳
361129,万年县,万年
361130,婺源县,婺源
361181,德兴市,德兴
370102,历下区,历下
370103,市中区,市中区
370104,槐荫区,槐荫
370105,天桥区,天桥
370112,历城区,历城
370113,长清区,长清
370114,章丘区,章丘
370115,济阳区,济阳
370116,莱芜区,莱芜
370117,钢城区,钢城
370124,平阴县,平阴
370126,商河县,商河
370171,济南高新技术产业开发区,null
370202,市南区,市南区
370203,市北区,市北区
370211,黄岛区,黄岛
370212,崂山区,崂山
370213,李沧区,李沧
370214,城阳区,城阳
370215,即墨区,即墨
370271,青岛高新技术产业开发区,null
370281,胶州市,胶州
370283,平度市,平度
370285,莱西市,莱西
370302,淄川区,淄川
370303,张店区,张店
370304,博山区,博山
370305,临淄区,临淄
370306,周村区,周村
370321,桓台县,桓台
370322,高青县,高青
370323,沂源县,沂源
370402,市中区,市中区
370403,薛城区,薛城
370404,峄城区,峄城
370405,台儿庄区,台儿庄
370406,山亭区,山亭
370481,滕州市,滕州
370502,东营区,东营
370503,河口区,河口
370505,垦利区,垦利
370522,利津县,利津
370523,广饶县,广饶
370571,东营经济技术开发区,null
370572,东营港经济开发区,null
370602,芝罘区,芝罘
370611,福山区,福山
370612,牟平区,牟平
370613,莱山区,莱山
370634,长岛县,长岛
370671,烟台高新技术产业开发区,null
370672,烟台经济技术开发区,null
370681,龙口市,龙口
370682,莱阳市,莱阳
370683,莱州市,莱州
370684,蓬莱市,蓬莱
370685,招远市,招远
370686,栖霞市,栖霞
370687,海阳市,海阳
370702,潍城区,潍城
370703,寒亭区,寒亭
370704,坊子区,坊子
370705,奎文区,奎文
370724,临朐县,临朐
370725,昌乐县,昌乐
370772,潍坊滨海经济技术开发区,null
370781,青州市,青州
370782,诸城市,诸城
370783,寿光市,寿光
370784,安丘市,安丘
370785,高密市,高密
370786,昌邑市,昌邑
370811,任城区,任城
370812,兖州区,兖州
370826,微山县,微山
370827,鱼台县,鱼台
370828,金乡县,金乡
370829,嘉祥县,嘉祥
370830,汶上县,汶上
370831,泗水县,泗水
370832,梁山县,梁山
370871,济宁高新技术产业开发区,null
370881,曲阜市,曲阜
370883,邹城市,邹城
370902,泰山区,泰山
370911,岱岳区,岱岳
370921,宁阳县,宁阳
370923,东平县,东平
370982,新泰市,新泰
370983,肥城市,肥城
371002,环翠区,环翠
371003,文登区,文登
371071,威海火炬高技术产业开发区,null
371072,威海经济技术开发区,null
371073,威海临港经济技术开发区,null
371082,荣成市,荣成
371083,乳山市,乳山
371102,东港区,东港
371103,岚山区,岚山
371121,五莲县,五莲
371122,莒县,莒县
371171,日照经济技术开发区,null
371302,兰山区,兰山
371311,罗庄区,罗庄
371312,河东区,河东
371321,沂南县,沂南
371322,郯城县,郯城
371323,沂水县,沂水
371324,兰陵县,兰陵
371325,费县,费县
371326,平邑县,平邑
371327,莒南县,莒南
371328,蒙阴县,蒙阴
371329,临沭县,临沭
371371,临沂高新技术产业开发区,null
371372,临沂经济技术开发区,null
371373,临沂临港经济开发区,null
371402,德城区,德城
371403,陵城区,陵城
371422,宁津县,宁津
371423,庆云县,庆云
371424,临邑县,临邑
371425,齐河县,齐河
371426,平原县,平原
371427,夏津县,夏津
371428,武城县,武城
371471,德州经济技术开发区,null
371472,德州运河经济开发区,null
371481,乐陵市,乐陵
371482,禹城市,禹城
371502,东昌府区,东昌府
371503,茌平区,茌平
371521,阳谷县,阳谷
371522,莘县,莘县
371524,东阿县,东阿
371525,冠县,冠县
371526,高唐县,高唐
371581,临清市,临清
371602,滨城区,滨城
371603,沾化区,沾化
371621,惠民县,惠民
371622,阳信县,阳信
371623,无棣县,无棣
371625,博兴县,博兴
371681,邹平市,邹平
371702,牡丹区,牡丹
371703,定陶区,定陶
371721,曹县,曹县
371722,单县,单县
371723,成武县,成武
371724,巨野县,巨野
371725,郓城县,郓城
371726,鄄城县,鄄城
371728,东明县,东明
371771,菏泽经济技术开发区,null
371772,菏泽高新技术开发区,null
410102,中原区,中原
410103,二七区,二七
410104,管城回族区,管城回族
410105,金水区,金水
410106,上街区,上街
410108,惠济区,惠济
410122,中牟县,中牟
410171,郑州经济技术开发区,null
410172,郑州高新技术产业开发区,null
410173,郑州航空港经济综合实验区,null
410181,巩义市,巩义
410182,荥阳市,荥阳
410183,新密市,新密
410184,新郑市,新郑
410185,登封市,登封
410202,龙亭区,龙亭
410203,顺河回族区,顺河
410204,鼓楼区,鼓楼
410205,禹王台区,禹王台
410212,祥符区,祥符
410221,杞县,杞县
410222,通许县,通许
410223,尉氏县,尉氏
410225,兰考县,兰考
410302,老城区,老城
410303,西工区,西工
410304,瀍河回族区,瀍河
410305,涧西区,涧西
410306,吉利区,吉利
410311,洛龙区,洛龙
410322,孟津县,孟津
410323,新安县,新安
410324,栾川县,栾川
410325,嵩县,嵩县
410326,汝阳县,汝阳
410327,宜阳县,宜阳
410328,洛宁县,洛宁
410329,伊川县,伊川
410371,洛阳高新技术产业开发区,null
410381,偃师市,偃师
410402,新华区,新华
410403,卫东区,卫东
410404,石龙区,石龙
410411,湛河区,湛河
410421,宝丰县,宝丰
410422,叶县,叶县
410423,鲁山县,鲁山
410425,郏县,郏县
410471,平顶山高新技术产业开发区,null
410472,平顶山市城乡一体化示范区,null
410481,舞钢市,舞钢
410482,汝州市,汝州
410502,文峰区,文峰
410503,北关区,北关
410505,殷都区,殷都
410506,龙安区,龙安
410522,安阳县,安阳
410523,汤阴县,汤阴
410526,滑县,滑县
410527,内黄县,内黄
410571,安阳高新技术产业开发区,null
410581,林州市,林州
410602,鹤山区,鹤山
410603,山城区,山城
410611,淇滨区,淇滨
410621,浚县,浚县
410622,淇县,淇县
410671,鹤壁经济技术开发区,null
410702,红旗区,红旗
410703,卫滨区,卫滨
410704,凤泉区,凤泉
410711,牧野区,牧野
410721,新乡县,新乡
410724,获嘉县,获嘉
410725,原阳县,原阳
410726,延津县,延津
410727,封丘县,封丘
410771,新乡高新技术产业开发区,null
410772,新乡经济技术开发区,null
410773,新乡市平原城乡一体化示范区,null
410781,卫辉市,卫辉
410782,辉县市,辉县
410783,长垣市,长垣
410802,解放区,解放
410803,中站区,中站
410804,马村区,马村
410811,山阳区,山阳
410821,修武县,修武
410822,博爱县,博爱
410823,武陟县,武陟
410825,温县,温县
410871,焦作城乡一体化示范区,null
410882,沁阳市,沁阳
410883,孟州市,孟州
410902,华龙区,华龙
410922,清丰县,清丰
410923,南乐县,南乐
410926,范县,范县
410927,台前县,台前
410928,濮阳县,濮阳
410971,河南濮阳工业园区,null
410972,濮阳经济技术开发区,null
411002,魏都区,魏都
411003,建安区,建安
411024,鄢陵县,鄢陵
411025,襄城县,襄城
411071,许昌经济技术开发区,null
411081,禹州市,禹州
411082,长葛市,长葛
411102,源汇区,源汇
411103,郾城区,郾城
411104,召陵区,召陵
411121,舞阳县,舞阳
411122,临颍县,临颍
411171,漯河经济技术开发区,null
411202,湖滨区,湖滨
411203,陕州区,陕州
411221,渑池县,渑池
411224,卢氏县,卢氏
411271,河南三门峡经济开发区,null
411281,义马市,义马
411282,灵宝市,灵宝
411302,宛城区,宛城
411303,卧龙区,卧龙
411321,南召县,南召
411322,方城县,方城
411323,西峡县,西峡
411324,镇平县,镇平
411325,内乡县,内乡
411326,淅川县,淅川
411327,社旗县,社旗
411328,唐河县,唐河
411329,新野县,新野
411330,桐柏县,桐柏
411371,南阳高新技术产业开发区,null
411372,南阳市城乡一体化示范区,null
411381,邓州市,邓州
411402,梁园区,梁园
411403,睢阳区,睢阳
411421,民权县,民权
411422,睢县,睢县
411423,宁陵县,宁陵
411424,柘城县,柘城
411425,虞城县,虞城
411426,夏邑县,夏邑
411471,豫东综合物流产业聚集区,null
411472,河南商丘经济开发区,null
411481,永城市,永城
411502,浉河区,浉河
411503,平桥区,平桥
411521,罗山县,罗山
411522,光山县,光山
411523,新县,新县
411524,商城县,商城
411525,固始县,固始
411526,潢川县,潢川
411527,淮滨县,淮滨
411528,息县,息县
411571,信阳高新技术产业开发区,null
411602,川汇区,川汇
411603,淮阳区,淮阳
411621,扶沟县,扶沟
411622,西华县,西华
411623,商水县,商水
411624,沈丘县,沈丘
411625,郸城县,郸城
411627,太康县,太康
411628,鹿邑县,鹿邑
411671,河南周口经济开发区,null
411681,项城市,项城
411702,驿城区,驿城
411721,西平县,西平
411722,上蔡县,上蔡
411723,平舆县,平舆
411724,正阳县,正阳
411725,确山县,确山
411726,泌阳县,泌阳
411727,汝南县,汝南
411728,遂平县,遂平
411729,新蔡县,新蔡
411771,河南驻马店经济开发区,null
419001,济源市,济源
420102,江岸区,江岸
420103,江汉区,江汉
420104,硚口区,硚口
420105,汉阳区,汉阳
420106,武昌区,武昌
420107,青山区,青山
420111,洪山区,洪山
420112,东西湖区,东西湖
420113,汉南区,汉南
420114,蔡甸区,蔡甸
420115,江夏区,江夏
420116,黄陂区,黄陂
420117,新洲区,新洲
420202,黄石港区,黄石港
420203,西塞山区,西塞山
420204,下陆区,下陆
420205,铁山区,铁山
420222,阳新县,阳新
420281,大冶市,大冶
420302,茅箭区,茅箭
420303,张湾区,张湾
420304,郧阳区,郧阳
420322,郧西县,郧西
420323,竹山县,竹山
420324,竹溪县,竹溪
420325,房县,房县
420381,丹江口市,丹江口
420502,西陵区,西陵
420503,伍家岗区,伍家岗
420504,点军区,点军
420505,猇亭区,猇亭
420506,夷陵区,夷陵
420525,远安县,远安
420526,兴山县,兴山
420527,秭归县,秭归
420528,长阳土家族自治县,长阳
420529,五峰土家族自治县,五峰
420581,宜都市,宜都
420582,当阳市,当阳
420583,枝江市,枝江
420602,襄城区,襄城
420606,樊城区,樊城
420607,襄州区,襄州
420624,南漳县,南漳
420625,谷城县,谷城
420626,保康县,保康
420682,老河口市,老河口
420683,枣阳市,枣阳
420684,宜城市,宜城
420702,梁子湖区,梁子湖
420703,华容区,华容
420704,鄂城区,鄂城
420802,东宝区,东宝
420804,掇刀区,掇刀
420822,沙洋县,沙洋
420881,钟祥市,钟祥
420882,京山市,京山
420902,孝南区,孝南
420921,孝昌县,孝昌
420922,大悟县,大悟
420923,云梦县,云梦
420981,应城市,应城
420982,安陆市,安陆
420984,汉川市,汉川
421002,沙市区,null
421003,荆州区,荆州
421022,公安县,公安
421023,监利县,监利
421024,江陵县,江陵
421071,荆州经济技术开发区,null
421081,石首市,石首
421083,洪湖市,洪湖
421087,松滋市,松滋
421102,黄州区,黄州
421121,团风县,团风
421122,红安县,红安
421123,罗田县,罗田
421124,英山县,英山
421125,浠水县,浠水
421126,蕲春县,蕲春
421127,黄梅县,黄梅
421171,龙感湖管理区,null
421181,麻城市,麻城
421182,武穴市,武穴
421202,咸安区,咸安
421221,嘉鱼县,嘉鱼
421222,通城县,通城
421223,崇阳县,崇阳
421224,通山县,通山
421281,赤壁市,赤壁
421303,曾都区,曾都
421321,随县,随县
421381,广水市,广水
422801,恩施市,恩施
422802,利川市,利川
422822,建始县,建始
422823,巴东县,巴东
422825,宣恩县,宣恩
422826,咸丰县,咸丰
422827,来凤县,来凤
422828,鹤峰县,鹤峰
429004,仙桃市,仙桃
429005,潜江市,潜江
429006,天门市,天门
429021,神农架林区,神农架
430102,芙蓉区,芙蓉
430103,天心区,天心
430104,岳麓区,岳麓
430105,开福区,开福
430111,雨花区,雨花
430112,望城区,望城
430121,长沙县,长沙
430181,浏阳市,浏阳
430182,宁乡市,宁乡
430202,荷塘区,荷塘
430203,芦淞区,芦淞
430204,石峰区,石峰
430211,天元区,天元
430212,渌口区,渌口
430223,攸县,攸县
430224,茶陵县,茶陵
430225,炎陵县,炎陵
430271,云龙示范区,云龙
430281,醴陵市,醴陵
430302,雨湖区,雨湖
430304,岳塘区,岳塘
430321,湘潭县,湘潭
430371,湖南湘潭高新技术产业园区,null
430372,湘潭昭山示范区,昭山
430373,湘潭九华示范区,九华
430381,湘乡市,湘乡
430382,韶山市,韶山
430405,珠晖区,珠晖
430406,雁峰区,雁峰
430407,石鼓区,石鼓
430408,蒸湘区,蒸湘
430412,南岳区,南岳
430421,衡阳县,衡阳
430422,衡南县,衡南
430423,衡山县,衡山
430424,衡东县,衡东
430426,祁东县,祁东
430471,衡阳综合保税区,null
430472,湖南衡阳高新技术产业园区,null
430473,湖南衡阳松木经济开发区,null
430481,耒阳市,耒阳
430482,常宁市,常宁
430502,双清区,双清
430503,大祥区,大祥
430511,北塔区,北塔
430522,新邵县,新邵
430523,邵阳县,邵阳
430524,隆回县,隆回
430525,洞口县,洞口
430527,绥宁县,绥宁
430528,新宁县,新宁
430529,城步苗族自治县,城步
430581,武冈市,武冈
430582,邵东市,邵东
430602,岳阳楼区,岳阳楼
430603,云溪区,云溪
430611,君山区,君山
430621,岳阳县,岳阳
430623,华容县,华容
430624,湘阴县,湘阴
430626,平江县,平江
430671,岳阳市屈原管理区,null
430681,汨罗市,汨罗
430682,临湘市,临湘
430702,武陵区,武陵
430703,鼎城区,鼎城
430721,安乡县,安乡
430722,汉寿县,汉寿
430723,澧县,澧县
430724,临澧县,临澧
430725,桃源县,桃源
430726,石门县,石门
430771,常德市西洞庭管理区,null
430781,津市市,津市市
430802,永定区,永定
430811,武陵源区,武陵源
430821,慈利县,慈利
430822,桑植县,桑植
430902,资阳区,资阳
430903,赫山区,赫山
430921,南县,南县
430922,桃江县,桃江
430923,安化县,安化
430971,益阳市大通湖管理区,null
430972,湖南益阳高新技术产业园区,null
430981,沅江市,沅江
431002,北湖区,北湖
431003,苏仙区,苏仙
431021,桂阳县,桂阳
431022,宜章县,宜章
431023,永兴县,永兴
431024,嘉禾县,嘉禾
431025,临武县,临武
431026,汝城县,汝城
431027,桂东县,桂东
431028,安仁县,安仁
431081,资兴市,资兴
431102,零陵区,零陵
431103,冷水滩区,冷水滩
431121,祁阳县,祁阳
431122,东安县,东安
431123,双牌县,双牌
431124,道县,道县
431125,江永县,江永
431126,宁远县,宁远
431127,蓝山县,蓝山
431128,新田县,新田
431129,江华瑶族自治县,江华
431171,永州经济技术开发区,null
431172,永州市金洞管理区,null
431173,永州市回龙圩管理区,null
431202,鹤城区,鹤城
431221,中方县,中方
431222,沅陵县,沅陵
431223,辰溪县,辰溪
431224,溆浦县,溆浦
431225,会同县,会同
431226,麻阳苗族自治县,麻阳
431227,新晃侗族自治县,新晃
431228,芷江侗族自治县,芷江
431229,靖州苗族侗族自治县,靖州
431230,通道侗族自治县,通道
431271,怀化市洪江管理区,null
431281,洪江市,洪江
431302,娄星区,娄星
431321,双峰县,双峰
431322,新化县,新化
431381,冷水江市,冷水江
431382,涟源市,涟源
433101,吉首市,吉首
433122,泸溪县,泸溪
433123,凤凰县,凤凰
433124,花垣县,花垣
433125,保靖县,保靖
433126,古丈县,古丈
433127,永顺县,永顺
433130,龙山县,龙山
433173,湖南永顺经济开发区,null
440103,荔湾区,荔湾
440104,越秀区,越秀
440105,海珠区,海珠
440106,天河区,天河
440111,白云区,白云
440112,黄埔区,黄埔
440113,番禺区,番禺
440114,花都区,花都
440115,南沙区,南沙
440117,从化区,从化
440118,增城区,增城
440203,武江区,武江
440204,浈江区,浈江
440205,曲江区,曲江
440222,始兴县,始兴
440224,仁化县,仁化
440229,翁源县,翁源
440232,乳源瑶族自治县,乳源
440233,新丰县,新丰
440281,乐昌市,乐昌
440282,南雄市,南雄
440303,罗湖区,罗湖
440304,福田区,福田
440305,南山区,南山
440306,宝安区,宝安
440307,龙岗区,龙岗
440308,盐田区,盐田
440309,龙华区,龙华
440310,坪山区,坪山
440311,光明区,光明
440402,香洲区,香洲
440403,斗门区,斗门
440404,金湾区,金湾
440507,龙湖区,龙湖
440511,金平区,金平
440512,濠江区,濠江
440513,潮阳区,潮阳
440514,潮南区,潮南
440515,澄海区,澄海
440523,南澳县,南澳
440604,禅城区,禅城
440605,南海区,南海
440606,顺德区,顺德
440607,三水区,三水
440608,高明区,高明
440703,蓬江区,蓬江
440704,江海区,江海
440705,新会区,新会
440781,台山市,台山
440783,开平市,开平
440784,鹤山市,鹤山
440785,恩平市,恩平
440802,赤坎区,赤坎
440803,霞山区,霞山
440804,坡头区,坡头
440811,麻章区,麻章
440823,遂溪县,遂溪
440825,徐闻县,徐闻
440881,廉江市,廉江
440882,雷州市,雷州
440883,吴川市,吴川
440902,茂南区,茂南
440904,电白区,电白
440981,高州市,高州
440982,化州市,化州
440983,信宜市,信宜
441202,端州区,端州
441203,鼎湖区,鼎湖
441204,高要区,高要
441223,广宁县,广宁
441224,怀集县,怀集
441225,封开县,封开
441226,德庆县,德庆
441284,四会市,四会
441302,惠城区,惠城
441303,惠阳区,惠阳
441322,博罗县,博罗
441323,惠东县,惠东
441324,龙门县,龙门
441402,梅江区,梅江
441403,梅县区,梅县
441422,大埔县,大埔
441423,丰顺县,丰顺
441424,五华县,五华
441426,平远县,平远
441427,蕉岭县,蕉岭
441481,兴宁市,兴宁
441502,城区,null
441521,海丰县,海丰
441523,陆河县,陆河
441581,陆丰市,陆丰
441602,源城区,源城
441621,紫金县,紫金
441622,龙川县,龙川
441623,连平县,连平
441624,和平县,和平
441625,东源县,东源
441702,江城区,江城
441704,阳东区,阳东
441721,阳西县,阳西
441781,阳春市,阳春
441802,清城区,清城
441803,清新区,清新
441821,佛冈县,佛冈
441823,阳山县,阳山
441825,连山壮族瑶族自治县,连山
441826,连南瑶族自治县,连南
441881,英德市,英德
441882,连州市,连州
441900,东莞市,东莞
442000,中山市,中山
445102,湘桥区,湘桥
445103,潮安区,潮安
445122,饶平县,饶平
445202,榕城区,榕城
445203,揭东区,揭东
445222,揭西县,揭西
445224,惠来县,惠来
445281,普宁市,普宁
445302,云城区,云城
445303,云安区,云安
445321,新兴县,新兴
445322,郁南县,郁南
445381,罗定市,罗定
450102,兴宁区,兴宁
450103,青秀区,青秀
450105,江南区,江南
450107,西乡塘区,西乡塘
450108,良庆区,良庆
450109,邕宁区,邕宁
450110,武鸣区,武鸣
450123,隆安县,隆安
450124,马山县,马山
450125,上林县,上林
450126,宾阳县,宾阳
450127,横县,横县
450202,城中区,城中
450203,鱼峰区,鱼峰
450204,柳南区,柳南
450205,柳北区,柳北
450206,柳江区,柳江
450222,柳城县,柳城
450223,鹿寨县,鹿寨
450224,融安县,融安
450225,融水苗族自治县,融水
450226,三江侗族自治县,三江
450302,秀峰区,秀峰
450303,叠彩区,叠彩
450304,象山区,象山
450305,七星区,七星
450311,雁山区,雁山
450312,临桂区,临桂
450321,阳朔县,阳朔
450323,灵川县,灵川
450324,全州县,全州
450325,兴安县,兴安
450326,永福县,永福
450327,灌阳县,灌阳
450328,龙胜各族自治县,龙胜
450329,资源县,资源
450330,平乐县,平乐
450332,恭城瑶族自治县,恭城
450381,荔浦市,荔浦
450403,万秀区,万秀
450405,长洲区,长洲
450406,龙圩区,龙圩
450421,苍梧县,苍梧
450422,藤县,藤县
450423,蒙山县,蒙山
450481,岑溪市,岑溪
450502,海城区,海城
450503,银海区,银海
450512,铁山港区,铁山港
450521,合浦县,合浦
450602,港口区,港口
450603,防城区,防城
450621,上思县,上思
450681,东兴市,东兴
450702,钦南区,钦南
450703,钦北区,钦北
450721,灵山县,灵山
450722,浦北县,浦北
450802,港北区,港北
450803,港南区,港南
450804,覃塘区,覃塘
450821,平南县,平南
450881,桂平市,桂平
450902,玉州区,玉州
450903,福绵区,福绵
450921,容县,容县
450922,陆川县,陆川
450923,博白县,博白
450924,兴业县,兴业
450981,北流市,北流
451002,右江区,右江
451003,田阳区,田阳
451022,田东县,田东
451023,平果县,平果
451024,德保县,德保
451026,那坡县,那坡
451027,凌云县,凌云
451028,乐业县,乐业
451029,田林县,田林
451030,西林县,西林
451031,隆林各族自治县,隆林
451081,靖西市,靖西
451102,八步区,八步
451103,平桂区,平桂
451121,昭平县,昭平
451122,钟山县,钟山
451123,富川瑶族自治县,富川
451202,金城江区,金城江
451203,宜州区,宜州
451221,南丹县,南丹
451222,天峨县,天峨
451223,凤山县,凤山
451224,东兰县,东兰
451225,罗城仫佬族自治县,罗城
451226,环江毛南族自治县,环江
451227,巴马瑶族自治县,巴马
451228,都安瑶族自治县,都安
451229,大化瑶族自治县,大化
451302,兴宾区,兴宾
451321,忻城县,忻城
451322,象州县,象州
451323,武宣县,武宣
451324,金秀瑶族自治县,金秀
451381,合山市,合山
451402,江州区,江州
451421,扶绥县,扶绥
451422,宁明县,宁明
451423,龙州县,龙州
451424,大新县,大新
451425,天等县,天等
451481,凭祥市,凭祥
460105,秀英区,秀英
460106,龙华区,龙华
460107,琼山区,琼山
460108,美兰区,美兰
460202,海棠区,海棠
460203,吉阳区,吉阳
460204,天涯区,天涯
460205,崖州区,崖州
460321,西沙群岛,西沙群岛
460322,南沙群岛,南沙群岛
460323,中沙群岛,中沙群岛
460400,儋州市,儋州
469001,五指山市,五指山
469002,琼海市,琼海
469005,文昌市,文昌
469006,万宁市,万宁
469007,东方市,东方
469021,定安县,定安
469022,屯昌县,屯昌
469023,澄迈县,澄迈
469024,临高县,临高
469025,白沙黎族自治县,白沙
469026,昌江黎族自治县,昌江
469027,乐东黎族自治县,乐东
469028,陵水黎族自治县,陵水
469029,保亭黎族苗族自治县,保亭
469030,琼中黎族苗族自治县,琼中
500101,万州区,万州
500102,涪陵区,涪陵
500103,渝中区,渝中
500104,大渡口区,大渡口
500105,江北区,江北
500106,沙坪坝区,沙坪坝
500107,九龙坡区,九龙坡
500108,南岸区,南岸
500109,北碚区,北碚
500110,綦江区,綦江
500111,大足区,大足
500112,渝北区,渝北
500113,巴南区,巴南
500114,黔江区,黔江
500115,长寿区,长寿
500116,江津区,江津
500117,合川区,合川
500118,永川区,永川
500119,南川区,南川
500120,璧山区,璧山
500151,铜梁区,铜梁
500152,潼南区,潼南
500153,荣昌区,荣昌
500154,开州区,开州
500155,梁平区,梁平
500156,武隆区,武隆
500229,城口县,城口
500230,丰都县,丰都
500231,垫江县,垫江
500233,忠县,忠县
500235,云阳县,云阳
500236,奉节县,奉节
500237,巫山县,巫山
500238,巫溪县,巫溪
500240,石柱土家族自治县,石柱
500241,秀山土家族苗族自治县,秀山
500242,酉阳土家族苗族自治县,酉阳
500243,彭水苗族土家族自治县,彭水
510104,锦江区,锦江
510105,青羊区,青羊
510106,金牛区,金牛
510107,武侯区,武侯
510108,成华区,成华
510112,龙泉驿区,龙泉驿
510113,青白江区,青白江
510114,新都区,新都
510115,温江区,温江
510116,双流区,双流
510117,郫都区,郫都
510121,金堂县,金堂
510129,大邑县,大邑
510131,蒲江县,蒲江
510132,新津县,新津
510181,都江堰市,都江堰
510182,彭州市,彭州
510183,邛崃市,邛崃
510184,崇州市,崇州
510185,简阳市,简阳
510302,自流井区,自流井
510303,贡井区,贡井
510304,大安区,大安
510311,沿滩区,沿滩
510321,荣县,荣县
510322,富顺县,富顺
510402,东区,东区
510403,西区,西区
510411,仁和区,仁和
510421,米易县,米易
510422,盐边县,盐边
510502,江阳区,江阳
510503,纳溪区,纳溪
510504,龙马潭区,龙马潭
510521,泸县,泸县
510522,合江县,合江
510524,叙永县,叙永
510525,古蔺县,古蔺
510603,旌阳区,旌阳
510604,罗江区,罗江
510623,中江县,中江
510681,广汉市,广汉
510682,什邡市,什邡
510683,绵竹市,绵竹
510703,涪城区,涪城
510704,游仙区,游仙
510705,安州区,安州
510722,三台县,三台
510723,盐亭县,盐亭
510725,梓潼县,梓潼
510726,北川羌族自治县,北川
510727,平武县,平武
510781,江油市,江油
510802,利州区,利州
510811,昭化区,昭化
510812,朝天区,朝天
510821,旺苍县,旺苍
510822,青川县,青川
510823,剑阁县,剑阁
510824,苍溪县,苍溪
510903,船山区,船山
510904,安居区,安居
510921,蓬溪县,蓬溪
510923,大英县,大英
510981,射洪市,射洪
511002,市中区,市中区
511011,东兴区,东兴
511024,威远县,威远
511025,资中县,资中
511071,内江经济开发区,null
511083,隆昌市,隆昌
511102,市中区,市中区
511111,沙湾区,沙湾
511112,五通桥区,五通桥
511113,金口河区,金口河
511123,犍为县,犍为
511124,井研县,井研
511126,夹江县,夹江
511129,沐川县,沐川
511132,峨边彝族自治县,峨边
511133,马边彝族自治县,马边
511181,峨眉山市,峨眉山
511302,顺庆区,顺庆
511303,高坪区,高坪
511304,嘉陵区,嘉陵
511321,南部县,南部
511322,营山县,营山
511323,蓬安县,蓬安
511324,仪陇县,仪陇
511325,西充县,西充
511381,阆中市,阆中
511402,东坡区,东坡
511403,彭山区,彭山
511421,仁寿县,仁寿
511423,洪雅县,洪雅
511424,丹棱县,丹棱
511425,青神县,青神
511502,翠屏区,翠屏
511503,南溪区,南溪
511504,叙州区,叙州
511523,江安县,江安
511524,长宁县,长宁
511525,高县,高县
511526,珙县,珙县
511527,筠连县,筠连
511528,兴文县,兴文
511529,屏山县,屏山
511602,广安区,广安
511603,前锋区,前锋
511621,岳池县,岳池
511622,武胜县,武胜
511623,邻水县,邻水
511681,华蓥市,华蓥
511702,通川区,通川
511703,达川区,达川
511722,宣汉县,宣汉
511723,开江县,开江
511724,大竹县,大竹
511725,渠县,渠县
511771,达州经济开发区,null
511781,万源市,万源
511802,雨城区,雨城
511803,名山区,名山
511822,荥经县,荥经
511823,汉源县,汉源
511824,石棉县,石棉
511825,天全县,天全
511826,芦山县,芦山
511827,宝兴县,宝兴
511902,巴州区,巴州
511903,恩阳区,恩阳
511921,通江县,通江
511922,南江县,南江
511923,平昌县,平昌
511971,巴中经济开发区,null
512002,雁江区,雁江
512021,安岳县,安岳
512022,乐至县,乐至
513201,马尔康市,马尔康
513221,汶川县,汶川
513222,理县,理县
513223,茂县,茂县
513224,松潘县,松潘
513225,九寨沟县,九寨沟
513226,金川县,金川
513227,小金县,小金
513228,黑水县,黑水
513230,壤塘县,壤塘
513231,阿坝县,阿坝
513232,若尔盖县,若尔盖
513233,红原县,红原
513301,康定市,康定
513322,泸定县,泸定
513323,丹巴县,丹巴
513324,九龙县,九龙
513325,雅江县,雅江
513326,道孚县,道孚
513327,炉霍县,炉霍
513328,甘孜县,甘孜
513329,新龙县,新龙
513330,德格县,德格
513331,白玉县,白玉
513332,石渠县,石渠
513333,色达县,色达
513334,理塘县,理塘
513335,巴塘县,巴塘
513336,乡城县,乡城
513337,稻城县,稻城
513338,得荣县,得荣
513401,西昌市,西昌
513422,木里藏族自治县,木里
513423,盐源县,盐源
513424,德昌县,德昌
513425,会理县,会理
513426,会东县,会东
513427,宁南县,宁南
513428,普格县,普格
513429,布拖县,布拖
513430,金阳县,金阳
513431,昭觉县,昭觉
513432,喜德县,喜德
513433,冕宁县,冕宁
513434,越西县,越西
513435,甘洛县,甘洛
513436,美姑县,美姑
513437,雷波县,雷波
520102,南明区,南明
520103,云岩区,云岩
520111,花溪区,花溪
520112,乌当区,乌当
520113,白云区,白云
520115,观山湖区,观山湖
520121,开阳县,开阳
520122,息烽县,息烽
520123,修文县,修文
520181,清镇市,清镇
520201,钟山区,钟山
520203,六枝特区,六枝特
520221,水城县,水城
520281,盘州市,盘州
520302,红花岗区,红花岗
520303,汇川区,汇川
520304,播州区,播州
520322,桐梓县,桐梓
520323,绥阳县,绥阳
520324,正安县,正安
520325,道真仡佬族苗族自治县,道真
520326,务川仡佬族苗族自治县,务川
520327,凤冈县,凤冈
520328,湄潭县,湄潭
520329,余庆县,余庆
520330,习水县,习水
520381,赤水市,赤水
520382,仁怀市,仁怀
520402,西秀区,西秀
520403,平坝区,平坝
520422,普定县,普定
520423,镇宁布依族苗族自治县,镇宁
520424,关岭布依族苗族自治县,关岭
520425,紫云苗族布依族自治县,紫云
520502,七星关区,七星关
520521,大方县,大方
520522,黔西县,黔西
520523,金沙县,金沙
520524,织金县,织金
520525,纳雍县,纳雍
520526,威宁彝族回族苗族自治县,威宁
520527,赫章县,赫章
520602,碧江区,碧江
520603,万山区,万山
520621,江口县,江口
520622,玉屏侗族自治县,玉屏
520623,石阡县,石阡
520624,思南县,思南
520625,印江土家族苗族自治县,印江
520626,德江县,德江
520627,沿河土家族自治县,沿河
520628,松桃苗族自治县,松桃
522301,兴义市,兴义
522302,兴仁市,兴仁
522323,普安县,普安
522324,晴隆县,晴隆
522325,贞丰县,贞丰
522326,望谟县,望谟
522327,册亨县,册亨
522328,安龙县,安龙
522601,凯里市,凯里
522622,黄平县,黄平
522623,施秉县,施秉
522624,三穗县,三穗
522625,镇远县,镇远
522626,岑巩县,岑巩
522627,天柱县,天柱
522628,锦屏县,锦屏
522629,剑河县,剑河
522630,台江县,台江
522631,黎平县,黎平
522632,榕江县,榕江
522633,从江县,从江
522634,雷山县,雷山
522635,麻江县,麻江
522636,丹寨县,丹寨
522701,都匀市,都匀
522702,福泉市,福泉
522722,荔波县,荔波
522723,贵定县,贵定
522725,瓮安县,瓮安
522726,独山县,独山
522727,平塘县,平塘
522728,罗甸县,罗甸
522729,长顺县,长顺
522730,龙里县,龙里
522731,惠水县,惠水
522732,三都水族自治县,三都
530102,五华区,五华
530103,盘龙区,盘龙
530111,官渡区,官渡
530112,西山区,西山
530113,东川区,东川
530114,呈贡区,呈贡
530115,晋宁区,晋宁
530124,富民县,富民
530125,宜良县,宜良
530126,石林彝族自治县,石林
530127,嵩明县,嵩明
530128,禄劝彝族苗族自治县,禄劝
530129,寻甸回族彝族自治县,寻甸
530181,安宁市,安宁
530302,麒麟区,麒麟
530303,沾益区,沾益
530304,马龙区,马龙
530322,陆良县,陆良
530323,师宗县,师宗
530324,罗平县,罗平
530325,富源县,富源
530326,会泽县,会泽
530381,宣威市,宣威
530402,红塔区,红塔
530403,江川区,江川
530422,澄江县,澄江
530423,通海县,通海
530424,华宁县,华宁
530425,易门县,易门
530426,峨山彝族自治县,峨山
530427,新平彝族傣族自治县,新平
530428,元江哈尼族彝族傣族自治县,元江
530502,隆阳区,隆阳
530521,施甸县,施甸
530523,龙陵县,龙陵
530524,昌宁县,昌宁
530581,腾冲市,腾冲
530602,昭阳区,昭阳
530621,鲁甸县,鲁甸
530622,巧家县,巧家
530623,盐津县,盐津
530624,大关县,大关
530625,永善县,永善
530626,绥江县,绥江
530627,镇雄县,镇雄
530628,彝良县,彝良
530629,威信县,威信
530681,水富市,水富
530702,古城区,古城
530721,玉龙纳西族自治县,玉龙
530722,永胜县,永胜
530723,华坪县,华坪
530724,宁蒗彝族自治县,宁蒗
530802,思茅区,思茅
530821,宁洱哈尼族彝族自治县,宁洱
530822,墨江哈尼族自治县,墨江
530823,景东彝族自治县,景东
530824,景谷傣族彝族自治县,景谷
530825,镇沅彝族哈尼族拉祜族自治县,镇沅
530826,江城哈尼族彝族自治县,江城
530827,孟连傣族拉祜族佤族自治县,孟连
530828,澜沧拉祜族自治县,澜沧
530829,西盟佤族自治县,西盟
530902,临翔区,临翔
530921,凤庆县,凤庆
530922,云县,云县
530923,永德县,永德
530924,镇康县,镇康
530925,双江拉祜族佤族布朗族傣族自治县,双江
530926,耿马傣族佤族自治县,耿马
530927,沧源佤族自治县,沧源
532301,楚雄市,楚雄
532322,双柏县,双柏
532323,牟定县,牟定
532324,南华县,南华
532325,姚安县,姚安
532326,大姚县,大姚
532327,永仁县,永仁
532328,元谋县,元谋
532329,武定县,武定
532331,禄丰县,禄丰
532501,个旧市,个旧
532502,开远市,开远
532503,蒙自市,蒙自
532504,弥勒市,弥勒
532523,屏边苗族自治县,屏边
532524,建水县,建水
532525,石屏县,石屏
532527,泸西县,泸西
532528,元阳县,元阳
532529,红河县,红河
532530,金平苗族瑶族傣族自治县,金平
532531,绿春县,绿春
532532,河口瑶族自治县,河口
532601,文山市,文山
532622,砚山县,砚山
532623,西畴县,西畴
532624,麻栗坡县,麻栗坡
532625,马关县,马关
532626,丘北县,丘北
532627,广南县,广南
532628,富宁县,富宁
532801,景洪市,景洪
532822,勐海县,勐海
532823,勐腊县,勐腊
532901,大理市,大理
532922,漾濞彝族自治县,漾濞
532923,祥云县,祥云
532924,宾川县,宾川
532925,弥渡县,弥渡
532926,南涧彝族自治县,南涧
532927,巍山彝族回族自治县,巍山
532928,永平县,永平
532929,云龙县,云龙
532930,洱源县,洱源
532931,剑川县,剑川
532932,鹤庆县,鹤庆
533102,瑞丽市,瑞丽
533103,芒市,芒市
533122,梁河县,梁河
533123,盈江县,盈江
533124,陇川县,陇川
533301,泸水市,泸水
533323,福贡县,福贡
533324,贡山独龙族怒族自治县,贡山
533325,兰坪白族普米族自治县,兰坪
533401,香格里拉市,香格里拉
533422,德钦县,德钦
533423,维西傈僳族自治县,维西
540102,城关区,城关
540103,堆龙德庆区,堆龙德庆
540104,达孜区,达孜
540121,林周县,林周
540122,当雄县,当雄
540123,尼木县,尼木
540124,曲水县,曲水
540127,墨竹工卡县,墨竹工卡
540171,格尔木藏青工业园区,null
540172,拉萨经济技术开发区,null
540173,西藏文化旅游创意园区,null
540174,达孜工业园区,达孜工业园
540202,桑珠孜区,桑珠孜
540221,南木林县,南木林
540222,江孜县,江孜
540223,定日县,定日
540224,萨迦县,萨迦
540225,拉孜县,拉孜
540226,昂仁县,昂仁
540227,谢通门县,谢通门
540228,白朗县,白朗
540229,仁布县,仁布
540230,康马县,康马
540231,定结县,定结
540232,仲巴县,仲巴
540233,亚东县,亚东
540234,吉隆县,吉隆
540235,聂拉木县,聂拉木
540236,萨嘎县,萨嘎
540237,岗巴县,岗巴
540302,卡若区,卡若
540321,江达县,江达
540322,贡觉县,贡觉
540323,类乌齐县,类乌齐
540324,丁青县,丁青
540325,察雅县,察雅
540326,八宿县,八宿
540327,左贡县,左贡
540328,芒康县,芒康
540329,洛隆县,洛隆
540330,边坝县,边坝
540402,巴宜区,巴宜
540421,工布江达县,工布江达
540422,米林县,米林
540423,墨脱县,墨脱
540424,波密县,波密
540425,察隅县,察隅
540426,朗县,朗县
540502,乃东区,乃东
540521,扎囊县,扎囊
540522,贡嘎县,贡嘎
540523,桑日县,桑日
540524,琼结县,琼结
540525,曲松县,曲松
540526,措美县,措美
540527,洛扎县,洛扎
540528,加查县,加查
540529,隆子县,隆子
540530,错那县,错那
540531,浪卡子县,浪卡子
540602,色尼区,色尼
540621,嘉黎县,嘉黎
540622,比如县,比如
540623,聂荣县,聂荣
540624,安多县,安多
540625,申扎县,申扎
540626,索县,索县
540627,班戈县,班戈
540628,巴青县,巴青
540629,尼玛县,尼玛
540630,双湖县,双湖
542521,普兰县,普兰
542522,札达县,札达
542523,噶尔县,噶尔
542524,日土县,日土
542525,革吉县,革吉
542526,改则县,改则
542527,措勤县,措勤
610102,新城区,新城
610103,碑林区,碑林
610104,莲湖区,莲湖
610111,灞桥区,灞桥
610112,未央区,未央
610113,雁塔区,雁塔
610114,阎良区,阎良
610115,临潼区,临潼
610116,长安区,长安
610117,高陵区,高陵
610118,鄠邑区,鄠邑
610122,蓝田县,蓝田
610124,周至县,周至
610202,王益区,王益
610203,印台区,印台
610204,耀州区,耀州
610222,宜君县,宜君
610302,渭滨区,渭滨
610303,金台区,金台
610304,陈仓区,陈仓
610322,凤翔县,凤翔
610323,岐山县,岐山
610324,扶风县,扶风
610326,眉县,眉县
610327,陇县,陇县
610328,千阳县,千阳
610329,麟游县,麟游
610330,凤县,凤县
610331,太白县,太白
610402,秦都区,秦都
610403,杨陵区,杨陵
610404,渭城区,渭城
610422,三原县,三原
610423,泾阳县,泾阳
610424,乾县,乾县
610425,礼泉县,礼泉
610426,永寿县,永寿
610428,长武县,长武
610429,旬邑县,旬邑
610430,淳化县,淳化
610431,武功县,武功
610481,兴平市,兴平
610482,彬州市,彬州
610502,临渭区,临渭
610503,华州区,华州
610522,潼关县,潼关
610523,大荔县,大荔
610524,合阳县,合阳
610525,澄城县,澄城
610526,蒲城县,蒲城
610527,白水县,白水
610528,富平县,富平
610581,韩城市,韩城
610582,华阴市,华阴
610602,宝塔区,宝塔
610603,安塞区,安塞
610621,延长县,延长
610622,延川县,延川
610625,志丹县,志丹
610626,吴起县,吴起
610627,甘泉县,甘泉
610628,富县,富县
610629,洛川县,洛川
610630,宜川县,宜川
610631,黄龙县,黄龙
610632,黄陵县,黄陵
610681,子长市,子长
610702,汉台区,汉台
610703,南郑区,南郑
610722,城固县,城固
610723,洋县,洋县
610724,西乡县,西乡
610725,勉县,勉县
610726,宁强县,宁强
610727,略阳县,略阳
610728,镇巴县,镇巴
610729,留坝县,留坝
610730,佛坪县,佛坪
610802,榆阳区,榆阳
610803,横山区,横山
610822,府谷县,府谷
610824,靖边县,靖边
610825,定边县,定边
610826,绥德县,绥德
610827,米脂县,米脂
610828,佳县,佳县
610829,吴堡县,吴堡
610830,清涧县,清涧
610831,子洲县,子洲
610881,神木市,神木
610902,汉滨区,汉滨
610921,汉阴县,汉阴
610922,石泉县,石泉
610923,宁陕县,宁陕
610924,紫阳县,紫阳
610925,岚皋县,岚皋
610926,平利县,平利
610927,镇坪县,镇坪
610928,旬阳县,旬阳
610929,白河县,白河
611002,商州区,商州
611021,洛南县,洛南
611022,丹凤县,丹凤
611023,商南县,商南
611024,山阳县,山阳
611025,镇安县,镇安
611026,柞水县,柞水
620102,城关区,城关
620103,七里河区,七里河
620104,西固区,西固
620105,安宁区,安宁
620111,红古区,红古
620121,永登县,永登
620122,皋兰县,皋兰
620123,榆中县,榆中
620171,兰州新区,兰州新
620201,嘉峪关市,嘉峪关
620302,金川区,金川
620321,永昌县,永昌
620402,白银区,白银
620403,平川区,平川
620421,靖远县,靖远
620422,会宁县,会宁
620423,景泰县,景泰
620502,秦州区,秦州
620503,麦积区,麦积
620521,清水县,清水
620522,秦安县,秦安
620523,甘谷县,甘谷
620524,武山县,武山
620525,张家川回族自治县,张家川
620602,凉州区,凉州
620621,民勤县,民勤
620622,古浪县,古浪
620623,天祝藏族自治县,天祝
620702,甘州区,甘州
620721,肃南裕固族自治县,肃南
620722,民乐县,民乐
620723,临泽县,临泽
620724,高台县,高台
620725,山丹县,山丹
620802,崆峒区,崆峒
620821,泾川县,泾川
620822,灵台县,灵台
620823,崇信县,崇信
620825,庄浪县,庄浪
620826,静宁县,静宁
620881,华亭市,华亭
620902,肃州区,肃州
620921,金塔县,金塔
620922,瓜州县,瓜州
620923,肃北蒙古族自治县,肃北
620924,阿克塞哈萨克族自治县,阿克塞
620981,玉门市,玉门
620982,敦煌市,敦煌
621002,西峰区,西峰
621021,庆城县,庆城
621022,环县,环县
621023,华池县,华池
621024,合水县,合水
621025,正宁县,正宁
621026,宁县,宁县
621027,镇原县,镇原
621102,安定区,安定
621121,通渭县,通渭
621122,陇西县,陇西
621123,渭源县,渭源
621124,临洮县,临洮
621125,漳县,漳县
621126,岷县,岷县
621202,武都区,武都
621221,成县,成县
621222,文县,文县
621223,宕昌县,宕昌
621224,康县,康县
621225,西和县,西和
621226,礼县,礼县
621227,徽县,徽县
621228,两当县,两当
622901,临夏市,临夏
622921,临夏县,临夏
622922,康乐县,康乐
622923,永靖县,永靖
622924,广河县,广河
622925,和政县,和政
622926,东乡族自治县,东乡族
622927,积石山保安族东乡族撒拉族自治县,积石山
623001,合作市,合作
623021,临潭县,临潭
623022,卓尼县,卓尼
623023,舟曲县,舟曲
623024,迭部县,迭部
623025,玛曲县,玛曲
623026,碌曲县,碌曲
623027,夏河县,夏河
630102,城东区,城东
630103,城中区,城中
630104,城西区,城西
630105,城北区,城北
630121,大通回族土族自治县,大通
630122,湟中县,湟中
630123,湟源县,湟源
630202,乐都区,乐都
630203,平安区,平安
630222,民和回族土族自治县,民和
630223,互助土族自治县,互助
630224,化隆回族自治县,化隆
630225,循化撒拉族自治县,循化
632221,门源回族自治县,门源
632222,祁连县,祁连
632223,海晏县,海晏
632224,刚察县,刚察
632321,同仁县,同仁
632322,尖扎县,尖扎
632323,泽库县,泽库
632324,河南蒙古族自治县,河南
632521,共和县,共和
632522,同德县,同德
632523,贵德县,贵德
632524,兴海县,兴海
632525,贵南县,贵南
632621,玛沁县,玛沁
632622,班玛县,班玛
632623,甘德县,甘德
632624,达日县,达日
632625,久治县,久治
632626,玛多县,玛多
632701,玉树市,玉树
632722,杂多县,杂多
632723,称多县,称多
632724,治多县,治多
632725,囊谦县,囊谦
632726,曲麻莱县,曲麻莱
632801,格尔木市,格尔木
632802,德令哈市,德令哈
632803,茫崖市,茫崖
632821,乌兰县,乌兰
632822,都兰县,都兰
632823,天峻县,天峻
632857,大柴旦行政委员会,大柴旦
640104,兴庆区,兴庆
640105,西夏区,西夏
640106,金凤区,金凤
640121,永宁县,永宁
640122,贺兰县,贺兰
640181,灵武市,灵武
640202,大武口区,大武口
640205,惠农区,惠农
640221,平罗县,平罗
640302,利通区,利通
640303,红寺堡区,红寺堡
640323,盐池县,盐池
640324,同心县,同心
640381,青铜峡市,青铜峡
640402,原州区,原州
640422,西吉县,西吉
640423,隆德县,隆德
640424,泾源县,泾源
640425,彭阳县,彭阳
640502,沙坡头区,沙坡头
640521,中宁县,中宁
640522,海原县,海原
650102,天山区,天山
650103,沙依巴克区,沙依巴克
650104,新市区,新市
650105,水磨沟区,水磨沟
650106,头屯河区,头屯河
650107,达坂城区,达坂城
650109,米东区,米东
650121,乌鲁木齐县,乌鲁木齐
650202,独山子区,独山子
650203,克拉玛依区,克拉玛依
650204,白碱滩区,白碱滩
650205,乌尔禾区,乌尔禾
650402,高昌区,高昌
650421,鄯善县,鄯善
650422,托克逊县,托克逊
650502,伊州区,伊州
650521,巴里坤哈萨克自治县,巴里坤哈萨克
650522,伊吾县,伊吾
652301,昌吉市,昌吉
652302,阜康市,阜康
652323,呼图壁县,呼图壁
652324,玛纳斯县,玛纳斯
652325,奇台县,奇台
652327,吉木萨尔县,吉木萨尔
652328,木垒哈萨克自治县,木垒哈萨克
652701,博乐市,博乐
652702,阿拉山口市,阿拉山口
652722,精河县,精河
652723,温泉县,温泉
652801,库尔勒市,库尔勒
652822,轮台县,轮台
652823,尉犁县,尉犁
652824,若羌县,若羌
652825,且末县,且末
652826,焉耆回族自治县,焉耆
652827,和静县,和静
652828,和硕县,和硕
652829,博湖县,博湖
652871,库尔勒经济技术开发区,null
652901,阿克苏市,阿克苏
652922,温宿县,温宿
652923,库车县,库车
652924,沙雅县,沙雅
652925,新和县,新和
652926,拜城县,拜城
652927,乌什县,乌什
652928,阿瓦提县,阿瓦提
652929,柯坪县,柯坪
653001,阿图什市,阿图什
653022,阿克陶县,阿克陶
653023,阿合奇县,阿合奇
653024,乌恰县,乌恰
653101,喀什市,喀什
653121,疏附县,疏附
653122,疏勒县,疏勒
653123,英吉沙县,英吉沙
653124,泽普县,泽普
653125,莎车县,莎车
653126,叶城县,叶城
653127,麦盖提县,麦盖提
653128,岳普湖县,岳普湖
653129,伽师县,伽师
653130,巴楚县,巴楚
653131,塔什库尔干塔吉克自治县,塔什库尔干塔吉克
653201,和田市,和田
653221,和田县,和田
653222,墨玉县,墨玉
653223,皮山县,皮山
653224,洛浦县,洛浦
653225,策勒县,策勒
653226,于田县,于田
653227,民丰县,民丰
654002,伊宁市,伊宁
654003,奎屯市,奎屯
654004,霍尔果斯市,霍尔果斯
654021,伊宁县,伊宁
654022,察布查尔锡伯自治县,察布查尔锡伯
654023,霍城县,霍城
654024,巩留县,巩留
654025,新源县,新源
654026,昭苏县,昭苏
654027,特克斯县,特克斯
654028,尼勒克县,尼勒克
654201,塔城市,塔城
654202,乌苏市,乌苏
654221,额敏县,额敏
654223,沙湾县,沙湾
654224,托里县,托里
654225,裕民县,裕民
654226,和布克赛尔蒙古自治县,和布克赛尔
654301,阿勒泰市,阿勒泰
654321,布尔津县,布尔津
654322,富蕴县,富蕴
654323,福海县,福海
654324,哈巴河县,哈巴河
654325,青河县,青河
654326,吉木乃县,吉木乃
659001,石河子市,石河子
659002,阿拉尔市,阿拉尔
659003,图木舒克市,图木舒克
659004,五家渠市,五家渠
659006,铁门关市,铁门关